,Fold 0,Fold 1,Fold 2,Fold 3,Fold 4,Fold 5,Fold 6,Fold 7,Fold 8,Fold 9,mean,std
learning_rate,0.001,0.001,0.001,0.001,0.001,0.001,0.001,0.001,0.001,0.001,0.0010000000000000002,2.28569887277129e-19
train_loss,2.6893415451049805,2.690763235092163,2.6916019916534424,2.691838026046753,2.691875696182251,2.6925578117370605,2.6935055255889893,2.6943728923797607,2.693237781524658,2.6938729286193848,2.6922967433929443,0.0015335088773877107
test_loss,2.701472043991089,2.7054529190063477,2.6934714317321777,2.692009449005127,2.6950247287750244,2.6899454593658447,2.6923582553863525,2.6809921264648438,2.684760808944702,2.6894097328186035,2.6924896955490114,0.007182192096144154
val_loss,2.708189010620117,2.6909115314483643,2.696014165878296,2.694993495941162,2.6918740272521973,2.6918563842773438,2.6805949211120605,2.6847751140594482,2.6915628910064697,2.6819279193878174,2.691269946098328,0.007936993240758
train_acc,0.20733723044395447,0.20912450551986694,0.20864969491958618,0.20790162682533264,0.20754775404930115,0.20832717418670654,0.20653541386127472,0.20742234587669373,0.20722971856594086,0.20695647597312927,0.20770319402217866,0.0007977162617650494
test_acc,0.20943395793437958,0.20649492740631104,0.20732946693897247,0.20283019542694092,0.20714804530143738,0.20849056541919708,0.20667634904384613,0.2108127772808075,0.2091073989868164,0.20787373185157776,0.20761974155902863,0.002158305231360793
val_acc,0.2045234590768814,0.20883728563785553,0.20283019542694092,0.20819222927093506,0.20722463726997375,0.20782938599586487,0.21069182455539703,0.20883728563785553,0.20714400708675385,0.20758748054504395,0.2073697790503502,0.0022375480215353883
time_fit,718.5421962738037,698.6810712814331,687.6793448925018,690.4455881118774,687.962042093277,697.3566250801086,691.6551082134247,690.7068347930908,699.2720041275024,662.7616159915924,692.5062430858612,13.833137505105528
number_epochs,0.0,0.0,0.0,0.0,0.0,0.0,0.0,0.0,0.0,0.0,0.0,0.0
