,Fold 0,Fold 1,Fold 2,Fold 3,Fold 4,Fold 5,Fold 6,Fold 7,Fold 8,Fold 9,mean,std
learning_rate,0.001,0.001,0.001,0.001,0.001,0.001,0.001,0.001,0.001,0.001,0.0010000000000000002,2.28569887277129e-19
train_loss,3.3151540756225586,3.3124499320983887,3.3014543056488037,3.2839386463165283,3.3121790885925293,3.3016984462738037,3.3103129863739014,3.305927038192749,3.3000612258911133,3.315375328063965,3.3058551073074343,0.009609098342134387
test_loss,3.3356831073760986,3.353811740875244,3.344351291656494,3.3130292892456055,3.338587760925293,3.3264951705932617,3.3310792446136475,3.3434948921203613,3.338362216949463,3.338336229324341,3.336323094367981,0.011066344501473738
val_loss,3.3302667140960693,3.3567802906036377,3.3410818576812744,3.3123438358306885,3.338956832885742,3.331991195678711,3.3406519889831543,3.342829942703247,3.332355499267578,3.343097686767578,3.337035584449768,0.011528554446671732
train_acc,0.07894053310155869,0.08278162032365799,0.08233367651700974,0.08385443687438965,0.08004022389650345,0.08132581412792206,0.08011413365602493,0.08031123131513596,0.08296975493431091,0.0782417431473732,0.08109131678938866,0.001856911776365424
test_acc,0.07559732347726822,0.0751800611615181,0.07811904698610306,0.08100361377000809,0.07634113729000092,0.0763048529624939,0.07697610557079315,0.0768853947520256,0.07911685109138489,0.07693982124328613,0.0772464208304882,0.001743857497032426
val_acc,0.07452277094125748,0.0761958509683609,0.0780705139040947,0.07992501556873322,0.07403898239135742,0.07738514989614487,0.07722388952970505,0.07647805660963058,0.0781511440873146,0.07305125892162323,0.07650426328182221,0.0021130202868178084
time_fit,849.0563678741455,1369.1411702632904,1327.6779608726501,1308.838168144226,1042.0816209316254,1164.336750984192,959.9002869129181,1466.494371175766,1033.939747095108,871.2737619876862,1139.2740206241608,219.48304977761325
number_epochs,29.0,0.0,0.0,48.0,38.0,42.0,31.0,0.0,36.0,31.0,25.5,18.46468100034345
