,Fold 0,Fold 1,Fold 2,Fold 3,Fold 4,Fold 5,Fold 6,Fold 7,Fold 8,Fold 9,mean,std
learning_rate,0.001,0.001,0.001,0.001,0.001,0.001,0.001,0.001,0.001,0.001,0.0010000000000000002,2.28569887277129e-19
train_loss,2.52514910697937,2.535501003265381,2.5364067554473877,2.532989263534546,2.537280559539795,2.535626173019409,2.5347836017608643,2.551478385925293,2.5384700298309326,2.5397145748138428,2.536739945411682,0.006536091401766423
test_loss,2.55716609954834,2.556670904159546,2.54864764213562,2.5483691692352295,2.5577852725982666,2.5486273765563965,2.5497846603393555,2.5490562915802,2.5447731018066406,2.552809238433838,2.551368975639343,0.004475182049782708
val_loss,2.5550777912139893,2.547300100326538,2.554321050643921,2.553734540939331,2.550135374069214,2.5477092266082764,2.537763833999634,2.550466299057007,2.5549697875976562,2.538233757019043,2.548971176147461,0.00644168142371426
train_acc,0.24406369030475616,0.24144773185253143,0.2444578856229782,0.24348585307598114,0.24271540343761444,0.24292145669460297,0.2431006282567978,0.23711168766021729,0.24239736795425415,0.24129095673561096,0.24229926615953445,0.0020828848794301837
test_acc,0.24052974581718445,0.2404208928346634,0.2398403435945511,0.23730044066905975,0.2383526861667633,0.23788098990917206,0.24052974581718445,0.23828011751174927,0.23973149061203003,0.2387155294418335,0.23915819823741913,0.0011948512238379929
val_acc,0.2403644621372223,0.23782454431056976,0.23746170103549957,0.23536525666713715,0.24056604504585266,0.2403644621372223,0.2403644621372223,0.2391146570444107,0.23959845304489136,0.23798580467700958,0.23890098482370375,0.0017094193660664079
time_fit,1346.96239900589,1075.0900599956512,1527.0245928764343,1410.8322870731354,1455.059888124466,1790.686448097229,2130.3144578933716,1031.7218523025513,1195.879814863205,1232.70010304451,1419.6271903276443,335.83884608513927
number_epochs,45.0,32.0,37.0,35.0,33.0,41.0,0.0,23.0,27.0,28.0,30.1,12.449453357030938
