,Fold 0,Fold 1,Fold 2,Fold 3,Fold 4,Fold 5,Fold 6,Fold 7,Fold 8,Fold 9,mean,std
learning_rate,0.001,0.001,0.001,0.001,0.001,0.001,0.001,0.001,0.001,0.001,0.0010000000000000002,2.28569887277129e-19
train_loss,3.2307400703430176,3.2374210357666016,3.2247304916381836,3.24300479888916,3.261270046234131,3.2343289852142334,3.2162232398986816,3.2335941791534424,3.215259552001953,3.234520435333252,3.2331092834472654,0.013303399076349018
test_loss,3.2850186824798584,3.283543109893799,3.272996664047241,3.279226779937744,3.2938225269317627,3.276613235473633,3.2588701248168945,3.2643823623657227,3.260437488555908,3.2719225883483887,3.274683356285095,0.011282087423227196
val_loss,3.283259391784668,3.2756664752960205,3.2805163860321045,3.2866568565368652,3.291036367416382,3.2799088954925537,3.2490317821502686,3.274979591369629,3.26458740234375,3.265620708465576,3.2751263856887816,0.012413340570342423
train_acc,0.09470760822296143,0.0917288213968277,0.0957244262099266,0.08918900787830353,0.08638491481542587,0.09245447814464569,0.09593047946691513,0.0921812355518341,0.09829559177160263,0.09300991892814636,0.0929606482386589,0.003461228366026587
test_acc,0.0841073989868164,0.08490566164255142,0.09009434282779694,0.08109579235315323,0.08055152744054794,0.08512336760759354,0.08795355260372162,0.08512336760759354,0.08947750180959702,0.08922351151704788,0.08576560243964196,0.0033758657120692647
val_acc,0.08522818982601166,0.08522818982601166,0.0851878747344017,0.08413965255022049,0.08401870727539062,0.08409933745861053,0.08716335892677307,0.08393807709217072,0.08913885056972504,0.08788905292749405,0.08560312911868095,0.0018348669311418256
time_fit,999.4456171989441,677.0729029178619,845.5741257667542,473.7730031013489,411.76639103889465,558.9547882080078,528.7987771034241,655.0480782985687,909.1129140853882,620.4869899749756,668.0033587694168,193.41360053553322
number_epochs,0.0,42.0,0.0,30.0,25.0,37.0,34.0,41.0,0.0,36.0,24.5,17.60208321004458
