,Fold 0,Fold 1,Fold 2,Fold 3,Fold 4,Fold 5,Fold 6,Fold 7,Fold 8,Fold 9,mean,std
learning_rate,0.001,0.001,0.001,0.001,0.001,0.001,0.001,0.001,0.001,0.001,0.0010000000000000002,2.28569887277129e-19
train_loss,2.595684766769409,2.6062564849853516,2.602153778076172,2.6013174057006836,2.6010398864746094,2.6081674098968506,2.6084201335906982,2.6036221981048584,2.6018552780151367,2.60605788230896,2.603457522392273,0.0038950318888893052
test_loss,2.6174349784851074,2.622833490371704,2.6092636585235596,2.608002185821533,2.615321159362793,2.6106467247009277,2.609689712524414,2.597837209701538,2.6029515266418457,2.609200954437256,2.610318160057068,0.007075629290380023
val_loss,2.619046449661255,2.6082615852355957,2.6133058071136475,2.6153011322021484,2.6094822883605957,2.610443115234375,2.599745988845825,2.6038880348205566,2.6108992099761963,2.5983269214630127,2.6088700532913207,0.006592567243061682
train_acc,0.23271742463111877,0.2337745577096939,0.232968270778656,0.23379695415496826,0.23197832703590393,0.2297251969575882,0.22981029748916626,0.23033887147903442,0.23198279738426208,0.23231427371501923,0.2319406971335411,0.0015137732454851645
test_acc,0.23211175203323364,0.23200289905071259,0.2295718491077423,0.23015239834785461,0.2267053723335266,0.22844702005386353,0.2281930297613144,0.23349057137966156,0.23116835951805115,0.2331640124320984,0.23050072640180588,0.0022672047697850023
val_acc,0.2290356457233429,0.2308095395565033,0.2289550006389618,0.22742299735546112,0.23423641920089722,0.22730204463005066,0.23242218792438507,0.22964037954807281,0.229479119181633,0.23197871446609497,0.2301282048225403,0.0022251865038808577
time_fit,759.3288021087646,494.9679138660431,597.1292569637299,555.1324560642242,627.761424779892,448.53225207328796,432.15035796165466,583.3853459358215,603.6229689121246,528.9028189182281,563.091359758377,95.47944875440383
number_epochs,48.0,31.0,38.0,35.0,40.0,28.0,27.0,36.0,38.0,32.0,35.3,6.236986451805071
