,Fold 0,Fold 1,Fold 2,Fold 3,Fold 4,Fold 5,Fold 6,Fold 7,Fold 8,Fold 9,mean,std
learning_rate,0.001,0.001,0.001,0.001,0.001,0.001,0.001,0.001,0.001,0.001,0.0010000000000000002,2.28569887277129e-19
train_loss,2.534271240234375,2.5504512786865234,2.5349512100219727,2.5377819538116455,2.537301540374756,2.544156074523926,2.541746139526367,2.5452804565429688,2.5390641689300537,2.546442985534668,2.5411447048187257,0.005346121535884462
test_loss,2.555590867996216,2.567535400390625,2.5456392765045166,2.549455165863037,2.555419683456421,2.552464246749878,2.5508768558502197,2.5428032875061035,2.539118528366089,2.5533761978149414,2.5512279510498046,0.00789369897776084
val_loss,2.5539584159851074,2.5568361282348633,2.5509917736053467,2.5559351444244385,2.5485517978668213,2.550692319869995,2.5397908687591553,2.5475075244903564,2.5510566234588623,2.5410006046295166,2.549632120132446,0.005699696540229482
train_acc,0.24341419339179993,0.239328995347023,0.24291697144508362,0.2420300543308258,0.24110282957553864,0.24145670235157013,0.24184192717075348,0.24226298928260803,0.2416313886642456,0.2396828532218933,0.24156689047813415,0.001282332558521297
test_acc,0.24092888832092285,0.23766328394412994,0.23791727423667908,0.2356676310300827,0.23646588623523712,0.2387155294418335,0.23918722569942474,0.24365021288394928,0.24296081066131592,0.23690131306648254,0.23900580555200576,0.0027088078208771507
val_acc,0.24072730541229248,0.23556683957576752,0.23766328394412994,0.2345186322927475,0.240082249045372,0.23883244395256042,0.24512174725532532,0.24181583523750305,0.23782454431056976,0.23661506175994873,0.23887679427862168,0.0031651141173816176
time_fit,1226.8121979236603,676.1462893486023,1485.4036190509796,1107.2803189754486,1254.2401311397552,1222.1475479602814,1274.9783790111542,1530.6440961360931,1049.8109440803528,780.7401180267334,1160.820364165306,272.14349013011747
number_epochs,39.0,25.0,0.0,35.0,40.0,39.0,40.0,0.0,34.0,28.0,28.0,15.606266547626166
