,Fold 0,Fold 1,Fold 2,Fold 3,Fold 4,Fold 5,Fold 6,Fold 7,Fold 8,Fold 9,mean,std
learning_rate,0.001,0.001,0.001,0.001,0.001,0.001,0.001,0.001,0.001,0.001,0.0010000000000000002,2.28569887277129e-19
train_loss,2.5951805114746094,2.60457181930542,2.6027822494506836,2.5987589359283447,2.5981013774871826,2.6065447330474854,2.6049249172210693,2.603518486022949,2.6015067100524902,2.6036202907562256,2.601951003074646,0.0035558333208307066
test_loss,2.6180591583251953,2.621541976928711,2.6103742122650146,2.609179735183716,2.614863634109497,2.6098215579986572,2.608106851577759,2.600909471511841,2.6031808853149414,2.608297824859619,2.6104335308074953,0.006292913709961519
val_loss,2.6204233169555664,2.607163190841675,2.613191843032837,2.6161508560180664,2.6077542304992676,2.6096243858337402,2.597877264022827,2.605257511138916,2.6114420890808105,2.597313165664673,2.608619785308838,0.0073283003146273245
train_acc,0.23291899263858795,0.23431655764579773,0.23297274112701416,0.23351922631263733,0.23147214949131012,0.22990883886814117,0.23071065545082092,0.23001186549663544,0.2316647619009018,0.23244865238666534,0.2319944441318512,0.0014923990665518495
test_acc,0.23116835951805115,0.23134978115558624,0.22721335291862488,0.2280116081237793,0.22677794098854065,0.22986212372779846,0.23015239834785461,0.23073294758796692,0.23193033039569855,0.23040638864040375,0.22976052314043044,0.0018007721925380707
val_acc,0.22931785881519318,0.2309708148241043,0.2289550006389618,0.2254071980714798,0.23145461082458496,0.22847121953964233,0.23455893993377686,0.22887437045574188,0.22980163991451263,0.23209966719150543,0.2299911320209503,0.002461816208584343
time_fit,1001.2083439826965,628.2575092315674,741.8568477630615,812.9924371242523,858.8237061500549,572.6358850002289,607.7011678218842,934.8217878341675,815.5998780727386,692.1970100402832,766.6094573020935,143.19981857077943
number_epochs,0.0,31.0,38.0,42.0,44.0,28.0,31.0,46.0,38.0,35.0,33.3,13.10682604175736
