,Fold 0,Fold 1,Fold 2,Fold 3,Fold 4,Fold 5,Fold 6,Fold 7,Fold 8,Fold 9,mean,std
learning_rate,0.001,0.001,0.001,0.001,0.001,0.001,0.001,0.001,0.001,0.001,0.0010000000000000002,2.28569887277129e-19
train_loss,3.279268264770508,3.3168880939483643,3.302363634109497,3.2790329456329346,3.3172764778137207,3.3250410556793213,3.3082871437072754,3.302797317504883,3.311253547668457,3.3044652938842773,3.3046673774719237,0.01524243582548257
test_loss,3.3354625701904297,3.3506057262420654,3.3421812057495117,3.3360469341278076,3.3511924743652344,3.3502869606018066,3.3413615226745605,3.3422622680664062,3.343599796295166,3.3414688110351562,3.3434468269348145,0.005655169791981356
val_loss,3.334183692932129,3.347320556640625,3.345341444015503,3.338689088821411,3.3432838916778564,3.348837375640869,3.3372983932495117,3.3484325408935547,3.3421263694763184,3.333923816680908,3.3419437170028687,0.005662941525149533
train_acc,0.08112163841724396,0.07218974828720093,0.07487289607524872,0.07966583967208862,0.070353202521801,0.06948419660329819,0.0731438547372818,0.07601065933704376,0.07279445976018906,0.07411587983369827,0.07437523752450943,0.0037325073939123753
test_acc,0.07104499638080597,0.06585631519556046,0.06698112934827805,0.07115384936332703,0.06687227636575699,0.06563860923051834,0.06759797036647797,0.06857764720916748,0.06676342338323593,0.07039187103509903,0.06808780878782272,0.0020914786566977963
val_acc,0.07256893813610077,0.0665215253829956,0.06902112811803818,0.07180293649435043,0.06825511902570724,0.06615868210792542,0.0669650062918663,0.06692469120025635,0.06761006265878677,0.07039187103509903,0.06862199604511261,0.0022669964751001357
time_fit,868.6264290809631,459.01382398605347,682.083500623703,956.5684638023376,463.1307797431946,422.26878213882446,615.6399638652802,740.3096823692322,499.82835507392883,696.5307040214539,640.4000484704972,182.33056410910424
number_epochs,48.0,25.0,34.0,0.0,25.0,20.0,32.0,40.0,24.0,36.0,28.4,13.082643293904928
