,Fold 0,Fold 1,Fold 2,Fold 3,Fold 4,Fold 5,Fold 6,Fold 7,Fold 8,Fold 9,mean,std
learning_rate,0.001,0.001,0.001,0.001,0.001,0.001,0.001,0.001,0.001,0.001,0.0010000000000000002,2.28569887277129e-19
train_loss,2.5061280727386475,2.5164120197296143,2.51800537109375,2.508009433746338,2.497077465057373,2.5065650939941406,2.4994707107543945,2.505842447280884,2.505080223083496,2.50545597076416,2.50680468082428,0.0064450460181830075
test_loss,2.5419085025787354,2.54586124420166,2.5303468704223633,2.5300345420837402,2.5360100269317627,2.5315499305725098,2.5348262786865234,2.531041383743286,2.522562026977539,2.54276442527771,2.534690523147583,0.007107563181973959
val_loss,2.539048671722412,2.5308775901794434,2.5374317169189453,2.5373480319976807,2.5280585289001465,2.529857635498047,2.523240804672241,2.5317139625549316,2.5353055000305176,2.525068998336792,2.5317951440811157,0.00542140067103956
train_acc,0.24741427600383759,0.24535375833511353,0.2467513233423233,0.24971668422222137,0.2501601278781891,0.24815785884857178,0.24880288541316986,0.24927322566509247,0.24815785884857178,0.2491701990365982,0.2482958197593689,0.0014654486613336893
test_acc,0.24306966364383698,0.24245283007621765,0.24183599650859833,0.2414005845785141,0.24013061821460724,0.2446299046278,0.241219162940979,0.24481132626533508,0.2450290322303772,0.24034832417964935,0.2424927443265915,0.0018298384697890758
val_acc,0.2437106966972351,0.24395258724689484,0.2417755126953125,0.24024350941181183,0.24665376543998718,0.24258184432983398,0.2464521825313568,0.24439606070518494,0.2413320392370224,0.2455652356147766,0.24366634339094162,0.0021813329074331566
time_fit,35190.20494580269,28855.855770111084,33098.32344675064,43144.54915523529,51556.733254909515,36251.97530412674,48244.530284166336,39287.00583291054,34263.900096178055,39170.33837509155,38906.34164652824,7012.40262540786
number_epochs,38.0,31.0,29.0,39.0,0.0,45.0,0.0,0.0,38.0,0.0,22.0,19.42506971244462
