,Fold 0,Fold 1,Fold 2,Fold 3,Fold 4,Fold 5,Fold 6,Fold 7,Fold 8,Fold 9,mean,std
learning_rate,0.001,0.001,0.001,0.001,0.001,0.001,0.001,0.001,0.001,0.001,0.0010000000000000002,2.28569887277129e-19
train_loss,2.5974624156951904,2.6076090335845947,2.603248357772827,2.60304856300354,2.599015474319458,2.60695219039917,2.608024835586548,2.6155881881713867,2.5997843742370605,2.609548330307007,2.605028176307678,0.005570414565984306
test_loss,2.6164565086364746,2.6248040199279785,2.6124892234802246,2.609144926071167,2.6168832778930664,2.6108553409576416,2.61093807220459,2.6063053607940674,2.6048128604888916,2.6141390800476074,2.6126828670501707,0.005797269468833666
val_loss,2.619161605834961,2.610360860824585,2.6155574321746826,2.6169862747192383,2.609684944152832,2.611722707748413,2.6014626026153564,2.610105037689209,2.61384916305542,2.6006946563720703,2.610958528518677,0.006073084563889907
train_acc,0.23151245713233948,0.23356850445270538,0.2321798950433731,0.23349682986736298,0.23230978846549988,0.22941163182258606,0.23084503412246704,0.2297879010438919,0.23180362582206726,0.2288293093442917,0.23137449771165847,0.0016388689783661857
test_acc,0.2293541431427002,0.2320391833782196,0.22750362753868103,0.22989840805530548,0.22637881338596344,0.22714078426361084,0.22920900583267212,0.2324020266532898,0.2289550006389618,0.22568941116333008,0.22885704040527344,0.0022388176613600624
val_acc,0.22935816645622253,0.23024512827396393,0.2295597493648529,0.2280680537223816,0.23427672684192657,0.22798742353916168,0.23209966719150543,0.22984196245670319,0.2302854359149933,0.2277858406305313,0.22995081543922424,0.00200367701006879
time_fit,815.9246683120728,670.7634570598602,819.4869558811188,748.5671350955963,843.5153658390045,616.6618709564209,683.0805807113647,468.5827989578247,856.8830349445343,667.6481409072876,719.1114008665085,122.16462848890549
number_epochs,38.0,31.0,38.0,35.0,40.0,28.0,31.0,20.0,38.0,29.0,32.8,6.196773353931867
