,Fold 0,Fold 1,Fold 2,Fold 3,Fold 4,Fold 5,Fold 6,Fold 7,Fold 8,Fold 9,mean,std
learning_rate,0.001,0.001,0.001,0.001,0.001,0.001,0.001,0.001,0.001,0.001,0.0010000000000000002,2.28569887277129e-19
train_loss,2.5094313621520996,2.5200188159942627,2.5292160511016846,2.521305799484253,2.524644613265991,2.52443528175354,2.514411211013794,2.538543462753296,2.5242507457733154,2.5277254581451416,2.523398280143738,0.008006555396612582
test_loss,2.545135974884033,2.543884038925171,2.537625312805176,2.5367610454559326,2.5451853275299072,2.540156602859497,2.5348124504089355,2.536315441131592,2.532274007797241,2.5363898277282715,2.5388540029525757,0.004528722656280674
val_loss,2.5411365032196045,2.531496047973633,2.5459399223327637,2.5400142669677734,2.5358080863952637,2.5370843410491943,2.524484634399414,2.5362637042999268,2.54282808303833,2.5254037380218506,2.5360459327697753,0.007105192493763334
train_acc,0.2470245659351349,0.24552397429943085,0.24497301876544952,0.24660798907279968,0.24460121989250183,0.244784876704216,0.24771440029144287,0.24177920818328857,0.2448565512895584,0.24527761340141296,0.24531434178352357,0.001633540285434031
test_acc,0.24270682036876678,0.24357764422893524,0.24169085919857025,0.24078375101089478,0.24060232937335968,0.24194484949111938,0.24230769276618958,0.24365021288394928,0.24415819346904755,0.24296081066131592,0.24243831634521484,0.0012017363427436409
val_acc,0.24278342723846436,0.24121110141277313,0.2394775003194809,0.23887276649475098,0.24306564033031464,0.24306564033031464,0.24661344289779663,0.2422190010547638,0.23967908322811127,0.24439606070518494,0.24213836640119552,0.00240180528559108
time_fit,12912.677983045578,9501.719382047653,6950.306266069412,7147.405212163925,6222.470360040665,6773.5076060295105,9127.5221722126,4709.503308057785,6426.415402889252,5706.339001893997,7547.786669445038,2372.832136028181
number_epochs,49.0,31.0,25.0,28.0,27.0,30.0,44.0,21.0,26.0,23.0,30.4,9.070097390142328
